{"cameraMode":{"drawMode":0,"name":"Shaded","section":"Shading Mode"},"sceneLighting":true,"audioPlay":false,"sceneViewState":{"showFog":true,"showMaterialUpdate":false,"showSkybox":true,"showFlares":true,"showImageEffects":true,"showParticleSystems":true},"in2DMode":false,"pivot":{"x":0.118682861328125,"y":-3.32421875,"z":-3.26171875},"rotation":{"x":-0.5673320293426514,"y":-0.010631421580910683,"z":0.007308891974389553,"w":-0.8234078884124756},"size":36.07482147216797,"orthographic":true}