{"cameraMode":{"drawMode":0,"name":"Shaded","section":"Shading Mode"},"sceneLighting":false,"audioPlay":false,"sceneViewState":{"showFog":true,"showMaterialUpdate":false,"showSkybox":false,"showFlares":true,"showImageEffects":true,"showParticleSystems":true},"in2DMode":false,"pivot":{"x":5.199999809265137,"y":0.6125000715255737,"z":-0.17000001668930055},"rotation":{"x":-0.5297413468360901,"y":-0.0071293083019554619,"z":0.004443839658051729,"w":-0.84813392162323},"size":5.064733028411865,"orthographic":true}