{"cameraMode":{"drawMode":0,"name":"Shaded","section":"Shading Mode"},"sceneLighting":true,"audioPlay":false,"sceneViewState":{"showFog":true,"showMaterialUpdate":false,"showSkybox":false,"showFlares":true,"showImageEffects":true,"showParticleSystems":true},"in2DMode":false,"pivot":{"x":-289.05523681640627,"y":322.9736328125,"z":217.70187377929688},"rotation":{"x":-0.533433735370636,"y":0.4184761643409729,"z":-0.3434953987598419,"w":-0.6498773694038391},"size":7766.9404296875,"orthographic":false}