{"cameraMode":{"drawMode":0,"name":"Shaded","section":"Shading Mode"},"sceneLighting":true,"audioPlay":false,"sceneViewState":{"showFog":true,"showMaterialUpdate":false,"showSkybox":false,"showFlares":true,"showImageEffects":true,"showParticleSystems":true},"in2DMode":false,"pivot":{"x":6.590000152587891,"y":0.48000049591064455,"z":-2.9499998092651369},"rotation":{"x":-0.661220908164978,"y":-0.03327668830752373,"z":0.029376788064837457,"w":-0.7488857507705689},"size":40.010372161865237,"orthographic":false}